{
  "pct_near_linear": 0.0,
  "median_nl": 0.7473682761192322,
  "max_nl": 0.9999978542327881,
  "n_edges": 1024
}